date,stage,actions
2017-11-25,Add to cart,563376
2017-11-25,Purchase,201145
2017-11-25,View,9353423
2017-11-25,Favorite,302071
2017-11-26,Purchase,205644
2017-11-26,Add to cart,582581
2017-11-26,View,9567423
2017-11-26,Favorite,308954
2017-11-27,Purchase,226835
2017-11-27,Favorite,291221
2017-11-27,Add to cart,541904
2017-11-27,View,9041187
2017-11-28,Favorite,289100
2017-11-28,Purchase,212000
2017-11-28,Add to cart,534157
2017-11-28,View,8842933
2017-11-29,Purchase,223072
2017-11-29,Add to cart,551593
2017-11-29,Favorite,298587
2017-11-29,View,9210821
2017-11-30,Purchase,221463
2017-11-30,Favorite,302264
2017-11-30,Add to cart,565015
2017-11-30,View,9358998
2017-12-01,Purchase,210016
2017-12-01,Add to cart,623346
2017-12-01,Favorite,307115
2017-12-01,View,9718959
2017-12-02,Favorite,396749
2017-12-02,View,12329644
2017-12-02,Purchase,257907
2017-12-02,Add to cart,793569
2017-12-03,View,12237300
2017-12-03,Add to cart,774905
2017-12-03,Favorite,392197
2017-12-03,Purchase,257757
