category_id,views,cart_adds,purchases,purchases_per_100_views
1464116,683641,60600,34591,5.06
2735466,1115651,93828,33730,3.02
2885642,954553,56622,31844,3.34
4145813,3150716,174419,31658,1.0
4756105,4477682,215146,28258,0.63
4801426,1864651,122145,26495,1.42
982926,2798730,153906,24825,0.89
2640118,729806,62626,18332,2.51
4159072,188640,14652,18016,9.55
1320293,1793240,95049,17137,0.96
3002561,1421832,80589,16472,1.16
4357323,669043,44199,15854,2.37
4789432,317687,22370,15696,4.94
903809,331245,26608,15447,4.66
4217906,924904,61361,14442,1.56
1299190,515944,29393,13723,2.66
570735,606084,46192,13711,2.26
2465336,1504738,84276,13350,0.89
1879194,759093,38186,12868,1.7
3607361,2976359,109102,12721,0.43
2355072,3151734,121867,12423,0.39
1575622,446358,33358,11238,2.52
1029459,432002,27911,11140,2.58
149192,990662,62271,11063,1.12
2520771,671410,41754,11005,1.64
2939262,486433,24960,10917,2.24
965809,250605,21445,10843,4.33
3738615,829042,56162,9994,1.21
2520377,2029469,86145,9812,0.48
3776866,169002,15245,9146,5.41
